miRNAs	n_geneset	hyper_pval	OR
dme-miR-263b-5p	2	0.586541554032026	1.0363247863247864
dme-miR-133-3p	0		
dme-miR-316-5p	3	0.4091970707531915	1.3413099651724525
dme-miR-1011-3p	1	0.9331684824138998	0.36463320463320464
dme-miR-956-3p	2	0.35683741679317993	1.6549893842887473
dme-miR-2489-3p	2	0.9361953033994858	0.43700349539243727
dme-miR-4946-5p	8	0.15788255085838898	1.6858966540635036
dme-miR-4976-5p	0		
dme-miR-284-5p	0		
dme-miR-1005-3p	0		
dme-miR-79-5p	2	0.5606598720751839	1.0892409595417114
dme-miR-4967-5p	8	0.06225297142672943	2.164078056551175
dme-miR-4982-3p	3	0.11878547503441457	2.675305204540587
dme-miR-929-5p	2	0.7267073663085261	0.785828025477707
dme-miR-4950-5p	0		
dme-miR-280-5p	7	0.37786574324056926	1.2506047070040078
dme-miR-2494-3p	0		
dme-miR-4911-3p	9	0.06115591967452931	2.1045776457183707
dme-miR-956-5p	11	0.0012174965614988994	3.8897016361886427
dme-miR-4947-5p	0		
dme-miR-9370-5p	4	0.24044056427037247	1.6980698859151897
dme-miR-7-3p	13	0.0301532113067658	2.2676477924669496
dme-miR-315-3p	2	0.7440151762427144	0.7577041602465331
dme-miR-34-5p	0		
dme-miR-1000-5p	5	0.38399778466653756	1.2863659637853186
dme-miR-310-5p	1	0.5949612703632119	1.1322595078299775
dme-miR-4940-5p	1	0.49900087474752686	1.4876967930029155
dme-miR-4956-3p	1	0.7167310403053915	0.8051612903225807
dme-miR-2280-3p	8	0.07473875319057233	2.0683834460269503
dme-miR-9373-3p	1	0.6367995520065672	1.008
dme-miR-980-5p	11	0.02955122186825222	2.3358892438764642
dme-miR-982-3p	4	0.0996513310310414	2.4675902517949235
dme-miR-2492-5p	2	0.3901606698559571	1.5363501483679525
dme-miR-193-5p	5	0.021845048726148883	3.5334254620832612
dme-miR-2492-3p	11	0.04809939865700907	2.1232431360888095
dme-miR-4975-5p	6	0.12676433397554196	1.9342239909039227
dme-miR-4953-3p	12	0.13958087864560167	1.6542799629357445
dme-miR-2499-3p	1	0.5745260244331238	1.1987706855791962
dme-miR-10-3p	3	0.7040741943827409	0.831668625146886
dme-miR-1006-3p	3	0.6971207188500625	0.8415195132809022
dme-miR-277-3p	5	0.39370447589532215	1.2694193192018228
dme-miR-970-3p	2	0.31040508563445135	1.84882005899705
dme-miR-987-5p	7	0.04918329421956316	2.398961854176726
dme-miR-2498-5p	0		
dme-miR-1014-3p	4	0.5689874867328807	1.019906430602697
dme-miR-4983-3p	5	0.2954545915565375	1.4635128464915699
dme-miR-9369-3p	10	0.03126679331896609	2.363138686131387
dme-miR-4958-5p	3	0.09060092751754309	3.033816425120773
dme-miR-4973-5p	2	0.19654417963178925	2.5727899432278996
dme-miR-9381-3p	1	0.38262191693727243	2.1433333333333335
dme-miR-124-3p	1	0.657899667958254	0.9505482041587902
dme-miR-79-3p	1	0.899041575656712	0.4337793851717902
dme-miR-9a-3p	1	0.899259973125609	0.4333514001806685
dme-miR-4943-5p	16	0.34298406346230587	1.2779349169298366
dme-miR-9372-5p	1	0.9129017676403913	0.4063373083475298
dme-miR-2283-5p	19	1.2364561520364222e-05	6.060922295868002
dme-miR-289-5p	16	0.002823276295613906	3.225046040515654
dme-miR-972-5p	15	0.00854549650363672	2.7600100730294637
dme-miR-4974-3p	10	0.15690088761334586	1.6317530319735392
dme-miR-210-5p	8	0.0038588699922582057	3.8303148963941918
dme-miR-1013-3p	8	0.0296532186984731	2.5660117200965185
dme-miR-4949-5p	1	0.5788634738793523	1.1842990654205607
dme-miR-279-3p	0		
dme-miR-286-3p	0		
dme-miR-996-3p	0		
dme-miR-978-5p	2	0.336290356239349	1.7361111111111112
dme-miR-283-3p	3	0.4567567108511735	1.2387123745819397
dme-miR-9374-3p	1	0.26149627508596757	3.4301986754966887
dme-miR-989-3p	2	0.31040508563445135	1.84882005899705
dme-miR-210-3p.1	3	0.27395382093606746	1.7308894572321682
dme-miR-210-3p.2	2	0.3677688360187484	1.6144375324002074
dme-miR-955-5p	1	0.4760689644923637	1.592398753894081
dme-miR-307a-3p	0		
dme-miR-1-3p	1	0.7686971752358069	0.6908228730822873
dme-miR-9378-3p	1	0.29906210274154593	2.92045197740113
dme-miR-4967-3p	2	0.9264216033085824	0.4565611605670953
dme-miR-4984-5p	1	0.6959892093174261	0.85419795221843
dme-miR-4961-3p	7	0.3577334433067632	1.2816014394961763
dme-miR-975-3p	3	0.0618888904076136	3.5922136970730323
dme-miR-4939-3p	1	0.39497144238117227	2.056
dme-miR-973-3p	6	0.0013180900137273557	5.888976377952756
dme-miR-2280-5p	3	0.1192167278197674	2.670705630791162
dme-miR-318-5p	1	0.6427420513733082	0.991496062992126
dme-miR-4-5p	5	0.25716199187691446	1.5575568166241742
dme-miR-iab-8-3p	1	0.8053586985398749	0.615819774718398
dme-miR-991-3p	6	0.15048640997669016	1.8277747698971305
dme-miR-9374-5p	1	0.7271540561198602	0.7813166144200627
dme-miR-263a-3p	2	0.24128136748140627	2.2295197740112993
dme-miR-972-3p	3	0.6059565093366398	0.9762333858977247
dme-miR-4969-5p	3	0.36078952973026573	1.4605295117804227
dme-miR-1003-5p	1	0.6915411825186737	0.8650086355785838
dme-miR-4986-5p	2	0.3987479409795738	1.5080174927113703
dme-miR-1008-5p	15	0.00534935553946569	2.951251646903821
dme-miR-2279-5p	16	0.0017721338300142118	3.4215620507906084
dme-miR-959-3p	2	0.3901606698559571	1.5363501483679525
dme-miR-9388-5p	7	0.36274936150094605	1.2737415160903278
dme-let-7-3p	8	0.06505657313378933	2.1409117821195975
dme-miR-1012-3p	0		
dme-miR-4-3p	2	0.7262841906157085	0.7865205843293492
dme-miR-1017-3p	0		
dme-miR-3641-5p	3	0.23863497300441672	1.8727254192364544
dme-miR-9c-3p	2	0.6527203249532959	0.9118049225159526
dme-miR-4948-3p	0		
dme-miR-1006-5p	1	0.8954846825835304	0.44073394495412843
dme-miR-9382-5p	1	0.612861948275822	1.0772707889125799
dme-miR-3644-5p	1	0.7691818523499492	0.6898050139275766
dme-miR-4914-5p	1	0.7730242690652204	0.6817630853994491
dme-miR-4910-5p	7	0.37750474728820915	1.2511480042387848
dme-miR-3642-5p	1	0.7677248836148824	0.6928671328671329
dme-miR-3643-5p	0		
dme-miR-2279-3p	1	0.5040764163282969	1.4657471264367816
dme-miR-4909-3p	5	0.5302846379657593	1.0631344736476152
dme-miR-303-3p	9	0.026469295032139142	2.5204097470122613
dme-miR-3645-5p	1	0.7582899733449544	0.7128735632183908
dme-miR-190-5p	1	0.7961121610471921	0.6343886743886744
dme-miR-965-3p	0		
dme-miR-7-5p	1	0.599920673118199	1.1167328918322297
dme-miR-9a-5p	3	0.3479282375609295	1.4953460472427915
dme-miR-9b-5p	2	0.6141131517916455	0.9827473958333334
dme-miR-9c-5p	3	0.3440128705836363	1.5062468765617192
dme-miR-137-3p	3	0.5957224452085537	0.9922299034451237
dme-miR-315-5p	5	0.6197279511699807	0.9487569761542364
dme-bantam-3p	0		
dme-miR-968-5p	3	0.17897515091203275	2.184870979144574
dme-miR-1002-5p	5	0.1341762673930361	2.0122998694427268
dme-miR-iab-4-5p	1	0.7904512923067635	0.6458638743455497
dme-miR-971-3p	3	0.3183054349578626	1.581685109349133
dme-miR-999-3p	3	0.22425030688725234	1.9382040214759448
dme-miR-960-5p	2	0.42770350273922747	1.418271435121504
dme-miR-12-5p	2	0.42979720590777254	1.4121004566210045
dme-miR-281-2-5p	2	0.18932381590417136	2.6390274314214466
dme-miR-124-5p	1	0.5558350799982703	1.2634825870646766
dme-miR-285-5p	0		
dme-miR-2493-5p	0		
dme-miR-2493-3p	3	0.2116390013172167	2.0001084245906973
dme-miR-4985-3p	2	0.04659838540578509	6.226878612716763
dme-miR-1001-3p	0		
dme-miR-9383-3p	1	0.5797258468538632	1.1814452214452213
dme-miR-961-3p	7	0.14771924938297684	1.769008437835066
dme-miR-9377-3p	3	0.33506470696170787	1.531720521062426
dme-miR-961-5p	2	0.4960556994088762	1.2351046698872785
dme-miR-4977-5p	10	0.056640401306182	2.089688328912467
dme-miR-957-5p	10	0.024156563293125377	2.4845708317508546
dme-miR-1000-3p	2	0.5128777787758307	1.1949648711943794
dme-miR-4982-5p	4	0.3687485002155695	1.3598117093262725
dme-miR-1002-3p	3	0.28884260807903056	1.6777087646652864
dme-miR-6-1-5p	1	0.7179077904583511	0.802443729903537
dme-miR-31a-3p	1	0.6015607931979294	1.1116483516483517
dme-miR-31b-3p	1	0.5907833294248366	1.1455203619909502
dme-miR-4955-3p	1	0.5382459298758324	1.3281462140992166
dme-miR-1-5p	0		
dme-miR-979-5p	0		
dme-miR-309-5p	3	0.21477518866739045	1.9842875591907017
dme-miR-981-5p	2	0.6345790971893477	0.944601381042059
dme-miR-3645-3p	4	0.22559963929315655	1.7499078374990784
dme-miR-4958-3p	1	0.39497144238117227	2.056
dme-miR-988-5p	4	0.13711998795443017	2.1740850642927794
dme-miR-927-3p	1	0.6811380552449229	0.8907282415630551
dme-miR-1016-5p	5	0.15601034629043026	1.9041077969649398
dme-miR-304-3p	1	0.889446357634391	0.4524812030075188
dme-miR-9b-3p	1	0.5932950394473504	1.1375280898876405
dme-miR-2283-3p	7	0.0016929372825191216	4.889003554638229
dme-miR-3644-3p	6	0.12166778593443897	1.9599194939620472
dme-miR-974-3p	5	0.1270538588769137	2.0519544087826027
dme-miR-8-5p	3	0.28994935010299433	1.673890087691107
dme-miR-9371-3p	4	0.34560133687171646	1.4103062712688381
dme-miR-4916-3p	7	0.10073058117978761	1.9824390494013895
dme-miR-993-5p	0		
dme-miR-9384-3p	7	0.06805885362899905	2.206987586361849
dme-miR-4949-3p	2	0.5211613904119339	1.1757977700884275
dme-miR-966-5p	5	0.03040942571289958	3.2198289515362686
dme-miR-9378-5p	4	0.01345364198121033	4.875120633082417
dme-miR-9372-3p	2	0.4290997015945986	1.4141518061271148
dme-miR-4979-5p	12	0.008658257253188372	2.8291905074570867
dme-miR-287-3p	3	0.34289420841396573	1.5093883000917967
dme-miR-964-3p	8	0.020188858007427472	2.7847414802489676
dme-miR-4963-5p	4	0.2905241084180159	1.546642037208075
dme-miR-4984-3p	6	0.12445710721862738	1.9457142857142857
dme-miR-4944-3p	5	0.19824798276969158	1.7359855334538878
dme-miR-2501-5p	5	0.342845612529164	1.3630585704507676
dme-miR-314-5p	4	0.36118180453967097	1.375943873000773
dme-miR-4917-3p	2	0.2761994013426958	2.0200706486833653
dme-miR-2494-5p	1	0.8471700774796753	0.5339320920043812
dme-miR-986-5p	0		
dme-miR-276a-3p	1	0.5521864950702755	1.2765829145728642
dme-miR-276b-3p	1	0.5521864950702755	1.2765829145728642
dme-miR-10-5p	1	0.27761992308443273	3.194567901234568
dme-miR-283-5p	4	0.32960700048082736	1.4473324213406293
dme-miR-263a-5p	1	0.6571921181560842	0.9524242424242424
dme-miR-314-3p	1	0.8234070610767732	0.5801183431952662
dme-miR-985-3p	6	0.45039618092947503	1.1604236343366778
dme-miR-994-3p	3	0.2537432661922341	1.8090608498248038
dme-miR-963-3p	1	0.6978765679597335	0.8496434634974533
dme-miR-4983-5p	0		
dme-miR-4985-5p	3	0.35240266229739114	1.4830644168000986
dme-miR-4955-5p	0		
dme-miR-2489-5p	5	0.09340423299266876	2.2813293330256172
dme-miR-955-3p	4	0.5938577411515994	0.9851676985434947
dme-miR-2497-3p	3	0.382556132872246	1.404781436774874
dme-miR-2c-5p	0		
dme-miR-4951-3p	0		
dme-miR-997-5p	2	0.27917668434254134	2.0039834289356278
dme-miR-9375-5p	0		
dme-miR-278-5p	0		
dme-miR-4977-3p	3	0.08868556304915477	3.063388866314506
dme-miR-9371-5p	1	0.7383026133994588	0.7563525835866262
dme-miR-2490-3p	1	0.7667486627383591	0.6949228611500702
dme-miR-9377-5p	3	0.20903438076312236	2.0134744422017348
dme-miR-2491-5p	4	0.20724638248713959	1.8197097020626432
dme-miR-2495-5p	1	0.6352991426179595	1.0122088353413654
dme-miR-4966-3p	5	0.022880626916157137	3.4883654776127893
dme-miR-4979-3p	2	0.6292710664306471	0.9543726235741445
dme-miR-987-3p	1	0.8363981162917598	0.5547786606129398
dme-miR-954-3p	6	0.005199403104741906	4.400956937799043
dme-miR-4950-3p	3	0.3121714270641476	1.600766486057883
dme-miR-4963-3p	2	0.7432114452937274	0.7590020576131687
dme-miR-4945-5p	4	0.3559837018242401	1.3872320038327943
dme-miR-4919-3p	0		
dme-miR-4965-3p	0		
dme-miR-1003-3p	0		
dme-miR-1004-3p	0		
dme-miR-33-3p	10	0.009802018141489545	2.925520381613183
dme-miR-1014-5p	4	0.18859907973461348	1.8983723699880906
dme-miR-9379-3p	0		
dme-miR-317-5p	0		
dme-miR-92b-5p	1	0.4022667728485645	2.006875
dme-miR-274-3p	7	0.13801249605874827	1.8065747966129835
dme-miR-2a-1-5p	3	0.2504909529258272	1.822360248447205
dme-miR-2501-3p	6	0.000644684384587917	6.806690777576853
dme-miR-137-5p	1	0.7155495708927002	0.8078964401294498
dme-miR-962-3p	0		
dme-miR-252-5p	5	0.15730407057716736	1.898238747553816
dme-miR-4968-3p	0		
dme-miR-5-5p	1	0.7231452489594172	0.7904278922345483
dme-miR-965-5p	0		
dme-miR-1001-5p	0		
dme-miR-954-5p	1	0.5857150897178062	1.1618348623853212
dme-miR-4978-5p	0		
dme-miR-995-5p	0		
dme-miR-4980-3p	0		
dme-miR-981-3p	2	0.5115957655629502	1.197965571205008
dme-miR-978-3p	0		
dme-miR-4913-3p	2	0.3524491317423356	1.6717577706323687
dme-miR-967-3p	5	0.2011149498223308	1.7260405421614489
dme-miR-977-5p	2	0.48752001179071297	1.2561349693251533
dme-miR-989-5p	1	0.5354081803261816	1.3389473684210527
dme-miR-3643-3p	2	0.3118888056810158	1.8420047031158142
dme-miR-8-3p	3	0.3864536228554877	1.3951863354037266
dme-let-7-5p	1	0.3687575380668307	2.2482096069868995
dme-miR-305-5p	1	0.9130912542110461	0.40595744680851065
dme-miR-973-5p	1	0.8188604122397325	0.5890516206482593
dme-miR-968-3p	4	0.19971501821522414	1.8504498914055227
dme-miR-984-5p	0		
dme-miR-997-3p	2	0.22282914206044657	2.3588739746457867
dme-miR-13a-5p	0		
dme-miR-4959-5p	2	0.4934380626369199	1.241504854368932
dme-miR-263b-3p	4	0.08737637093375211	2.594193685102776
dme-miR-1004-5p	4	0.06807856016695693	2.8446343999075894
dme-miR-13b-1-5p	3	0.2613606886420608	1.7787223706582462
dme-miR-9373-5p	10	0.0037432459137662537	3.4302253590886576
dme-miR-4960-3p	1	0.43061125368971587	1.8314285714285714
dme-miR-33-5p	7	0.05540740083654927	2.3278447515436635
dme-miR-274-5p	2	0.544260127209835	1.1242625368731562
dme-miR-281-3p	2	0.15188023584209354	3.053639846743295
dme-miR-4965-5p	1	0.5916222187583411	1.142844243792325
dme-miR-2281-5p	5	0.1055224850885318	2.1891791736149715
dme-miR-4972-5p	0		
dme-miR-9379-5p	1	0.7294196814769025	0.7761993769470406
dme-miR-133-5p	4	0.04878593098852643	3.2014462809917354
dme-miR-317-3p	0		
dme-miR-4943-3p	0		
dme-miR-278-3p	0		
dme-miR-4941-3p	2	0.16652897949244042	2.8751129177958448
dme-miR-3-3p	0		
dme-miR-309-3p	0		
dme-miR-318-3p	0		
dme-miR-966-3p	1	0.3571917485590482	2.341818181818182
dme-miR-2497-5p	3	0.24185714435379907	1.8587336134028445
dme-miR-312-5p	1	0.5719029706050669	1.2076190476190476
dme-miR-1009-3p	4	0.10434198701625823	2.4241098070419733
dme-miR-9381-5p	1	0.380123093999399	2.1616806722689077
dme-miR-9380-3p	2	0.180002196361789	2.7302405498281788
dme-miR-14-3p	0		
dme-miR-2a-3p	2	0.4512166111454402	1.3511826544021024
dme-miR-2b-3p	2	0.4512166111454402	1.3511826544021024
dme-miR-2c-3p	2	0.4512166111454402	1.3511826544021024
dme-miR-5-3p	2	0.444351003984417	1.370284065690191
dme-miR-6-3p	2	0.4600771239709164	1.3270887166236003
dme-miR-11-3p	3	0.1951169640263391	2.0886504799548278
dme-miR-13a-3p	2	0.44297278548888963	1.374165554072096
dme-miR-13b-3p	2	0.44297278548888963	1.374165554072096
dme-miR-308-3p	2	0.4409023119078598	1.3800268096514745
dme-miR-1010-3p	0		
dme-miR-927-5p	1	0.9284576594251721	0.37455696202531646
dme-miR-125-3p	3	0.33562385464550376	1.5301052097857777
dme-miR-4966-5p	1	0.958351188966653	0.30748010610079574
dme-miR-990-3p	2	0.2784323563549408	2.0079821200510857
dme-miR-3642-3p	3	0.33394647701194907	1.5349605898804983
dme-bantam-5p	2	0.669204602901895	0.8827433628318584
dme-miR-4954-3p	1	0.6160338193602639	1.0678224101479916
dme-miR-2500-3p	8	0.06448930039623568	2.1455120601028073
dme-miR-4973-3p	1	0.6557727948807859	0.9561977186311788
dme-miR-932-3p	0		
dme-miR-277-5p	1	0.5277586279808882	1.3686021505376345
dme-miR-1012-5p	0		
dme-miR-6-2-5p	0		
dme-miR-6-3-5p	0		
dme-miR-308-5p	0		
dme-miR-2a-2-5p	1	0.657899667958254	0.9505482041587902
dme-miR-990-5p	0		
dme-miR-4961-5p	0		
dme-miR-3-5p	2	0.3502518237281486	1.6802638664512655
dme-miR-4944-5p	5	0.061901096858803045	2.6051569214741503
dme-miR-958-3p	0		
dme-miR-998-5p	2	0.4735611338303176	1.2915617128463477
dme-miR-284-3p	0		
dme-miR-977-3p	0		
dme-miR-969-3p	2	0.35829824688124556	1.6494708994708995
dme-miR-959-5p	1	0.6315219989618921	1.0228803245436104
dme-miR-2498-3p	1	0.6360500907704707	1.0101002004008015
dme-miR-3641-3p	1	0.8445428729443797	0.5390055248618785
dme-miR-967-5p	0		
dme-miR-12-3p	0		
dme-miR-9388-3p	0		
dme-miR-303-5p	2	0.6085941640189709	0.9932610124917817
dme-miR-iab-8-5p	0		
dme-miR-964-5p	3	0.400340788721088	1.36187583064363
dme-miR-2496-5p	3	0.12181713584109871	2.6434217955957084
dme-miR-2282-3p	0		
dme-miR-2499-5p	1	0.6160338193602639	1.0678224101479916
dme-miR-4986-3p	0		
dme-miR-219-3p	2	0.27098970894492547	2.048828125
dme-miR-9369-5p	0		
dme-miR-992-3p	4	0.05332923758242909	3.103448275862069
dme-miR-983-3p	3	0.28884260807903056	1.6777087646652864
dme-miR-4972-3p	2	0.7098154820638959	0.8136811832374692
dme-miR-2491-3p	0		
dme-miR-87-3p	1	0.7383026133994588	0.7563525835866262
dme-miR-11-5p	1	0.7691818523499492	0.6898050139275766
dme-miR-316-3p	0		
dme-miR-34-3p	0		
dme-miR-932-5p	1	0.8491124094813818	0.5301849836779108
dme-miR-281-1-5p	1	0.6337927742538105	1.0164516129032257
dme-miR-2281-3p	4	0.08140601225337032	2.6638427283588575
dme-miR-958-5p	4	0.04367703351100348	3.3260141919935733
dme-miR-9382-3p	0		
dme-miR-4915-5p	1	0.7930825297902204	0.6405194805194805
dme-miR-962-5p	1	0.7567669644743931	0.7161327561327562
dme-miR-31a-5p	1	0.5957919224357989	1.1296428571428572
dme-miR-31b-5p	1	0.5865639672984386	1.1590846681922198
dme-miR-9384-5p	2	0.269501467403813	2.05718954248366
dme-miR-305-3p	1	0.612861948275822	1.0772707889125799
dme-miR-275-5p	0		
dme-miR-4952-5p	0		
dme-miR-193-3p	2	0.1067533961453625	3.8154761904761907
dme-miR-288-3p	2	0.5945544597356307	1.0204752275025277
dme-miR-2b-1-5p	2	0.6582817972723922	0.9019253910950662
dme-miR-2b-2-5p	1	0.8986034141796568	0.4346376811594203
dme-miR-4908-3p	4	0.04269433706967827	3.35203668734826
dme-miR-4956-5p	1	0.5354081803261816	1.3389473684210527
dme-miR-2a-2/2c	0		
dme-miR-1008-3p	1	0.531598419100642	1.3536170212765957
dme-miR-4964-3p	0		
dme-miR-279-5p	5	0.03603726110376032	3.0659806295399514
dme-miR-4987-5p	1	0.7956819830201449	0.6352577319587629
dme-miR-996-5p	1	0.6191806945461714	1.0585324947589099
dme-miR-4962-5p	1	0.6529171782323097	0.9638314176245211
dme-miR-14-5p	0		
dme-miR-985-5p	0		
dme-miR-92a-3p	1	0.9377178290119518	0.35487565938206483
dme-miR-92b-3p	1	0.9374424437012223	0.35547169811320756
dme-miR-310-3p	1	0.935339409176805	0.36
dme-miR-311-3p	1	0.937992048476882	0.35428141459744167
dme-miR-312-3p	2	0.7585216114880918	0.7343945068664169
dme-miR-313-3p	1	0.9385370087932883	0.3530982745686422
dme-miR-1007-5p	2	0.33776343152871213	1.7300664451827243
dme-miR-4918-5p	1	0.7034712871637679	0.8362541806020067
dme-miR-4912-5p	0		
dme-miR-304-5p	0		
dme-miR-971-5p	1	0.7316672116204069	0.7711455108359133
dme-miR-125-5p	0		
dme-miR-976-3p	3	0.4497258572750402	1.2531244499207885
dme-miR-993-3p	0		
dme-miR-988-3p	1	0.40105678657306454	2.014901960784314
dme-miR-252-3p	4	0.03512574561179007	3.5809277610225476
dme-miR-1015-3p	0		
dme-miR-313-5p	2	0.3590282913100065	1.6467247754886423
dme-miR-iab-4-3p	1	0.7809862384870345	0.6652489905787349
dme-miR-4970-5p	2	0.16512224573931988	2.8912352406902815
dme-miR-4962-3p	0		
dme-miR-4957-5p	0		
dme-miR-4940-3p	0		
dme-miR-975-5p	3	0.3188634352074669	1.5799712756234496
dme-miR-13b-2-5p	0		
dme-miR-983-5p	3	0.3647013831761685	1.4502272453042673
dme-miR-375-3p	7	0.018620295901812776	3.0137203555489984
dme-miR-4957-3p	0		
dme-miR-4919-5p	0		
dme-miR-9376-5p	0		
dme-miR-984-3p	0		
dme-miR-980-3p	0		
dme-miR-4968-5p	0		
dme-miR-4976-3p	1	0.49900087474752686	1.4876967930029155
dme-miR-307a-5p	0		
dme-miR-9383-5p	0		
dme-miR-190-3p	0		
dme-miR-979-3p	1	0.6048216596130132	1.1016122004357298
dme-miR-9376-3p	0		
dme-miR-976-5p	1	0.8522969951737784	0.5240473627556512
dme-miR-306-5p	1	0.37383341725544905	2.2089270386266096
dme-miR-9380-5p	2	0.22650908346309323	2.331858407079646
dme-miR-4981-3p	2	0.1334923767751352	3.317497403946002
dme-miR-4942-3p	0		
dme-miR-9375-3p	0		
dme-miR-4948-5p	0		
dme-miR-974-5p	0		
dme-miR-276a-5p	1	0.3212588624548182	2.675025906735751
dme-miR-276b-5p	1	0.3212588624548182	2.675025906735751
dme-miR-2535b-3p	0		
dme-miR-970-5p	0		
dme-miR-282-3p	0		
dme-miR-307b-5p	0		
dme-miR-2490-5p	0		
dme-miR-9370-3p	2	0.10549136947518516	3.843525179856115
dme-miR-9385-3p	0		
dme-miR-286-5p	1	0.7107761362406977	0.819016393442623
dme-miR-219-5p	1	0.8122262072557764	0.602156862745098
dme-miR-1010-5p	1	0.7437113260754644	0.7444311377245509
dme-miR-184-5p	3	0.2100752480229902	2.008107961038254
dme-miR-929-3p	0		
dme-miR-100-3p	0		
dme-miR-4971-5p	1	0.5891005771124449	1.1509090909090909
dme-miR-311-5p	0		
dme-miR-1016-3p	0		
dme-miR-991-5p	1	0.7101740689509326	0.8204269293924467
dme-miR-969-5p	1	0.6215245612308455	1.0516666666666667
dme-miR-306-3p	0		
dme-miR-4951-5p	2	0.08180612622647311	4.4843096234309625
dme-miR-999-5p	1	0.6514808416371747	0.9676923076923077
dme-miR-184-3p	0		
dme-miR-92a-5p	0		
dme-miR-4969-3p	1	0.2659276264757257	3.3625974025974026
dme-miR-2496-3p	0		
dme-miR-963-5p	4	0.0033161315899023504	7.403590040532715
dme-miR-275-3p	0		
dme-miR-375-5p	1	0.6471374575933191	0.9794552529182879
dme-miR-307b-3p	0		
dme-miR-960-3p	1	0.4476653901361982	1.736271186440678
dme-miR-1007-3p	0		
dme-miR-992-5p	0		
dme-miR-4987-3p	0		
dme-miR-9385-5p	1	0.6375475291777679	1.0059081836327346
dme-miR-982-5p	0		
dme-miR-2495-3p	1	0.2688676445878527	3.318974358974359
dme-miR-4952-3p	0		
dme-miR-994-5p	1	0.7552347304874063	0.7194202898550724
dme-miR-2500-5p	1	0.7277221665268592	0.7800312989045384
dme-miR-87-5p	0		
dme-miR-282-5p	1	0.3018743965549395	2.887374301675978
dme-miR-4954-5p	0		
dme-miR-957-3p	0		
dme-miR-4974-5p	0		
dme-miR-4941-5p	0		
dme-miR-986-3p	1	0.42481486159109577	1.8654545454545455
dme-miR-285-3p	1	0.3519862420387982	2.385925925925926
dme-miR-995-3p	1	0.35329140570112855	2.374746543778802
dme-miR-998-3p	1	0.3662047850536503	2.2683700440528636
dme-miR-100-5p	1	0.1402578869045541	6.946666666666666
