"miRNAs"	"n_geneset"	"hyper_pval"	"OR"	"rFDRc_q"
"dme-miR-2283-5p"	19	1.23645615203642e-05	6.060922295868	0.00414212810932201
"dme-miR-2501-3p"	6	0.000644684384587917	6.80669077757685	0.0876864000678998
"dme-miR-956-5p"	11	0.0012174965614989	3.88970163618864	0.106911075568824
"dme-miR-973-3p"	6	0.00131809001372736	5.88897637795276	0.110104396897213
"dme-miR-2283-3p"	7	0.00169293728251912	4.88900355463823	0.113066182764386
"dme-miR-2279-5p"	16	0.00177213383001421	3.42156205079061	0.127390509806741
"dme-miR-289-5p"	16	0.00282327629561391	3.22504604051565	0.134420224173062
"dme-miR-963-5p"	4	0.00331613158990235	7.40359004053272	0.135854051024271
"dme-miR-9373-5p"	10	0.00374324591376625	3.43022535908866	0.13851753954652
"dme-miR-210-5p"	8	0.00385886999225821	3.83031489639419	0.13927624687687
"dme-miR-954-3p"	6	0.00519940310474191	4.40095693779904	0.148148171472999
"dme-miR-1008-5p"	15	0.00534935553946569	2.95125164690382	0.157275605867685
"dme-miR-972-5p"	15	0.00854549650363672	2.76001007302946	0.20138065769324
"dme-miR-4979-5p"	12	0.00865825725318837	2.82919050745709	0.217518562143863
"dme-miR-33-3p"	10	0.00980201814148954	2.92552038161318	0.22005659940246
"dme-miR-9378-5p"	4	0.0134536419812103	4.87512063308242	0.274385501523512
"dme-miR-375-3p"	7	0.0186202959018128	3.013720355549	0.356806667309993
"dme-miR-964-3p"	8	0.0201888580074275	2.78474148024897	0.374691162931882
"dme-miR-193-5p"	5	0.0218450487261489	3.53342546208326	0.382358282070656
"dme-miR-4966-3p"	5	0.0228806269161571	3.48836547761279	0.384935627429249
"dme-miR-957-5p"	10	0.0241565632931254	2.48457083175085	0.385331900279534
"dme-miR-303-3p"	9	0.0264692950321391	2.52040974701226	0.38763285731469
"dme-miR-980-5p"	11	0.0295512218682522	2.33588924387646	0.391353727405393
"dme-miR-1013-3p"	8	0.0296532186984731	2.56601172009652	0.401720255730963
"dme-miR-7-3p"	13	0.0301532113067658	2.26764779246695	0.403934535973193
"dme-miR-966-5p"	5	0.0304094257128996	3.21982895153627	0.412739054060218
"dme-miR-9369-3p"	10	0.0312667933189661	2.36313868613139	0.416009519137253
"dme-miR-252-3p"	4	0.0351257456117901	3.58092776102255	0.419783973977266
"dme-miR-279-5p"	5	0.0360372611037603	3.06598062953995	0.429212815871028
"dme-miR-4908-3p"	4	0.0426943370696783	3.35203668734826	0.465964675530315
"dme-miR-958-5p"	4	0.0436770335110035	3.32601419199357	0.471846575029735
"dme-miR-4985-3p"	2	0.0465983854057851	6.22687861271676	0.476188218447581
"dme-miR-2492-3p"	11	0.0480993986570091	2.12324313608881	0.480218045297428
"dme-miR-133-5p"	4	0.0487859309885264	3.20144628099174	0.486978741966796
"dme-miR-987-5p"	7	0.0491832942195632	2.39896185417673	0.488227751660751
"dme-miR-992-3p"	4	0.0533292375824291	3.10344827586207	0.49448164705166
"dme-miR-33-5p"	7	0.0554074008365493	2.32784475154366	0.495733413986028
"dme-miR-4977-5p"	10	0.056640401306182	2.08968832891247	0.496202528638792
"dme-miR-4911-3p"	9	0.0611559196745293	2.10457764571837	0.496507907056908
"dme-miR-975-3p"	3	0.0618888904076136	3.59221369707303	0.498998743492631
"dme-miR-4944-5p"	5	0.061901096858803	2.60515692147415	0.501384707028626
"dme-miR-4967-5p"	8	0.0622529714267294	2.16407805655117	0.502326981568033
"dme-miR-2500-3p"	8	0.0644893003962357	2.14551206010281	0.505378182123165
"dme-let-7-3p"	8	0.0650565731337893	2.1409117821196	0.506555486671988
"dme-miR-9384-3p"	7	0.068058853628999	2.20698758636185	0.51693493875731
"dme-miR-1004-5p"	4	0.0680785601669569	2.84463439990759	0.524483106343708
"dme-miR-2280-3p"	8	0.0747387531905723	2.06838344602695	0.531833791671933
"dme-miR-2281-3p"	4	0.0814060122533703	2.66384272835886	0.556131072343932
"dme-miR-4951-5p"	2	0.0818061262264731	4.48430962343096	0.567094079866394
"dme-miR-263b-3p"	4	0.0873763709337521	2.59419368510278	0.580832863709445
"dme-miR-4977-3p"	3	0.0886855630491548	3.06338886631451	0.58354407766275
"dme-miR-4958-5p"	3	0.0906009275175431	3.03381642512077	0.585214747589805
"dme-miR-2489-5p"	5	0.0934042329926688	2.28132933302562	0.589795823403496
"dme-miR-982-3p"	4	0.0996513310310414	2.46759025179492	0.604271030508459
"dme-miR-4916-3p"	7	0.100730581179788	1.98243904940139	0.609086556950005
"dme-miR-1009-3p"	4	0.104341987016258	2.42410980704197	0.613058985276166
"dme-miR-9370-3p"	2	0.105491369475185	3.84352517985611	0.61765318229403
"dme-miR-2281-5p"	5	0.105522485088532	2.18917917361497	0.619781072046284
"dme-miR-193-3p"	2	0.106753396145363	3.81547619047619	0.6236904524365
"dme-miR-4982-3p"	3	0.118785475034415	2.67530520454059	0.642435759389411
"dme-miR-2280-5p"	3	0.119216727819767	2.67070563079116	0.647417780928848
"dme-miR-3644-3p"	6	0.121667785934439	1.95991949396205	0.651016106155379
"dme-miR-2496-5p"	3	0.121817135841099	2.64342179559571	0.652454163308506
"dme-miR-4984-3p"	6	0.124457107218627	1.94571428571429	0.653236582483556
"dme-miR-4975-5p"	6	0.126764333975542	1.93422399090392	0.65454964239888
"dme-miR-974-3p"	5	0.127053858876914	2.0519544087826	0.657079830917705
"dme-miR-4981-3p"	2	0.133492376775135	3.317497403946	0.658444842196321
"dme-miR-1002-5p"	5	0.134176267393036	2.01229986944273	0.660262447592216
"dme-miR-988-5p"	4	0.13711998795443	2.17408506429278	0.660952846462515
"dme-miR-274-3p"	7	0.138012496058748	1.80657479661298	0.662957240530698
"dme-miR-4953-3p"	12	0.139580878645602	1.65427996293574	0.665429584412196
"dme-miR-100-5p"	1	0.140257886904554	6.94666666666667	0.667255923148222
"dme-miR-961-3p"	7	0.147719249382977	1.76900843783507	0.669259697586503
"dme-miR-991-3p"	6	0.15048640997669	1.82777476989713	0.674876576342855
"dme-miR-281-3p"	2	0.151880235842094	3.0536398467433	0.67761790036937
"dme-miR-1016-5p"	5	0.15601034629043	1.90410779696494	0.67833798092956
"dme-miR-4974-3p"	10	0.156900887613346	1.63175303197354	0.680916698229342
"dme-miR-252-5p"	5	0.157304070577167	1.89823874755382	0.682458686728282
"dme-miR-4946-5p"	8	0.157882550858389	1.6858966540635	0.687076732116446
"dme-miR-4970-5p"	2	0.16512224573932	2.89123524069028	0.688605828161506
"dme-miR-4941-3p"	2	0.16652897949244	2.87511291779584	0.691126589346826
"dme-miR-968-5p"	3	0.178975150912033	2.18487097914457	0.722350862598628
"dme-miR-9380-3p"	2	0.180002196361789	2.73024054982818	0.730625110539862
"dme-miR-1014-5p"	4	0.188599079734613	1.89837236998809	0.744379741256575
"dme-miR-281-2-5p"	2	0.189323815904171	2.63902743142145	0.748305264382041
"dme-miR-11-3p"	3	0.195116964026339	2.08865047995483	0.748655011345146
"dme-miR-4973-5p"	2	0.196544179631789	2.5727899432279	0.750353377196539
"dme-miR-4944-3p"	5	0.198247982769692	1.73598553345389	0.751599128361271
"dme-miR-968-3p"	4	0.199715018215224	1.85044989140552	0.75178559244257
"dme-miR-967-3p"	5	0.201114949822331	1.72604054216145	0.752108477444387
"dme-miR-2491-5p"	4	0.20724638248714	1.81970970206264	0.753296072601965
"dme-miR-9377-5p"	3	0.209034380763122	2.01347444220173	0.754150968856327
"dme-miR-184-5p"	3	0.21007524802299	2.00810796103825	0.754639343048661
"dme-miR-2493-3p"	3	0.211639001317217	2.0001084245907	0.754693835951886
"dme-miR-309-5p"	3	0.21477518866739	1.9842875591907	0.755416130847589
"dme-miR-997-3p"	2	0.222829142060447	2.35887397464579	0.75656043222477
"dme-miR-999-3p"	3	0.224250306887252	1.93820402147594	0.756720155956136
"dme-miR-3645-3p"	4	0.225599639293157	1.74990783749908	0.756797909085228
"dme-miR-9380-5p"	2	0.226509083463093	2.33185840707965	0.757054321036375
"dme-miR-3641-5p"	3	0.238634973004417	1.87272541923645	0.757322084695694
"dme-miR-9370-5p"	4	0.240440564270372	1.69806988591519	0.757363779950983
"dme-miR-263a-3p"	2	0.241281367481406	2.2295197740113	0.757815266335376
"dme-miR-2497-5p"	3	0.241857144353799	1.85873361340284	0.75798019814534
"dme-miR-2a-1-5p"	3	0.250490952925827	1.82236024844721	0.758397403176654
"dme-miR-994-3p"	3	0.253743266192234	1.8090608498248	0.759859005865475
"dme-miR-4-5p"	5	0.257161991876914	1.55755681662417	0.761026086699241
"dme-miR-13b-1-5p"	3	0.261360688642061	1.77872237065825	0.762360330948049
"dme-miR-9374-3p"	1	0.261496275085968	3.43019867549669	0.762533922663371
"dme-miR-4969-3p"	1	0.265927626475726	3.3625974025974	0.762557427794859
"dme-miR-2495-3p"	1	0.268867644587853	3.31897435897436	0.762802518102458
"dme-miR-9384-5p"	2	0.269501467403813	2.05718954248366	0.76292753049804
"dme-miR-219-3p"	2	0.270989708944925	2.048828125	0.763542013724784
"dme-miR-210-3p.1"	3	0.273953820936067	1.73088945723217	0.765042086617191
"dme-miR-4917-3p"	2	0.276199401342696	2.02007064868337	0.766304663243767
"dme-miR-10-5p"	1	0.277619923084433	3.19456790123457	0.766467625459146
"dme-miR-990-3p"	2	0.278432356354941	2.00798212005109	0.76670907109285
"dme-miR-997-5p"	2	0.279176684342541	2.00398342893563	0.768199497133939
"dme-miR-1002-3p"	3	0.288842608079031	1.67770876466529	0.769034448990882
"dme-miR-983-3p"	3	0.288842608079031	1.67770876466529	0.769034448990882
"dme-miR-8-5p"	3	0.289949350102994	1.67389008769111	0.770490005343682
"dme-miR-4963-5p"	4	0.290524108418016	1.54664203720807	0.771122128580219
"dme-miR-4983-3p"	5	0.295454591556538	1.46351284649157	0.771208547055381
"dme-miR-9378-3p"	1	0.299062102741546	2.92045197740113	0.774085507832172
"dme-miR-282-5p"	1	0.301874396554939	2.88737430167598	0.774736800774481
"dme-miR-970-3p"	2	0.310405085634451	1.84882005899705	0.77546936107786
"dme-miR-989-3p"	2	0.310405085634451	1.84882005899705	0.77546936107786
"dme-miR-3643-3p"	2	0.311888805681016	1.84200470311581	0.775916741860515
"dme-miR-4950-3p"	3	0.312171427064148	1.60076648605788	0.776628739839247
"dme-miR-971-3p"	3	0.318305434957863	1.58168510934913	0.777478427079323
"dme-miR-975-5p"	3	0.318863435207467	1.57997127562345	0.778198234630449
"dme-miR-276a-5p"	1	0.321258862454818	2.67502590673575	0.778397654003061
"dme-miR-276b-5p"	1	0.321258862454818	2.67502590673575	0.778397654003061
"dme-miR-283-5p"	4	0.329607000480827	1.44733242134063	0.77929606548271
"dme-miR-3642-3p"	3	0.333946477011949	1.5349605898805	0.781024432956279
"dme-miR-9377-3p"	3	0.335064706961708	1.53172052106243	0.781712288533958
"dme-miR-125-3p"	3	0.335623854645504	1.53010520978578	0.781920005020218
"dme-miR-978-5p"	2	0.336290356239349	1.73611111111111	0.782833961589222
"dme-miR-1007-5p"	2	0.337763431528712	1.73006644518272	0.783234800849127
"dme-miR-2501-5p"	5	0.342845612529164	1.36305857045077	0.783438607168738
"dme-miR-287-3p"	3	0.342894208413966	1.5093883000918	0.78453341556036
"dme-miR-4943-5p"	16	0.342984063462306	1.27793491692984	0.78510575271905
"dme-miR-9c-5p"	3	0.344012870583636	1.50624687656172	0.785171226833391
"dme-miR-9371-3p"	4	0.345601336871716	1.41030627126884	0.786450507750062
"dme-miR-9a-5p"	3	0.347928237560929	1.49534604724279	0.787159488002856
"dme-miR-3-5p"	2	0.350251823728149	1.68026386645127	0.789540619619918
"dme-miR-285-3p"	1	0.351986242038798	2.38592592592593	0.791444536863326
"dme-miR-4985-5p"	3	0.352402662297391	1.4830644168001	0.792350543129645
"dme-miR-4913-3p"	2	0.352449131742336	1.67175777063237	0.794090926283362
"dme-miR-995-3p"	1	0.353291405701129	2.3747465437788	0.794945079079329
"dme-miR-4945-5p"	4	0.35598370182424	1.38723200383279	0.796943140626341
"dme-miR-956-3p"	2	0.35683741679318	1.65498938428875	0.79739003036865
"dme-miR-966-3p"	1	0.357191748559048	2.34181818181818	0.797490744282358
"dme-miR-4961-3p"	7	0.357733443306763	1.28160143949618	0.797741014214628
"dme-miR-969-3p"	2	0.358298246881246	1.6494708994709	0.799164577566391
"dme-miR-313-5p"	2	0.359028291310007	1.64672477548864	0.799418239699825
"dme-miR-4969-5p"	3	0.360789529730266	1.46052951178042	0.802659005539173
"dme-miR-314-5p"	4	0.361181804539671	1.37594387300077	0.803974818748248
"dme-miR-9388-5p"	7	0.362749361500946	1.27374151609033	0.804313899091
"dme-miR-983-5p"	3	0.364701383176169	1.45022724530427	0.806569899447719
"dme-miR-998-3p"	1	0.36620478505365	2.26837004405286	0.807548254941678
"dme-miR-210-3p.2"	2	0.367768836018748	1.61443753240021	0.80859074645725
"dme-miR-4982-5p"	4	0.368748500215569	1.35981170932627	0.809145063830434
"dme-let-7-5p"	1	0.368757538066831	2.2482096069869	0.809390985760564
"dme-miR-306-5p"	1	0.373833417255449	2.20892703862661	0.809438901675918
"dme-miR-4910-5p"	7	0.377504747288209	1.25114800423878	0.809547609542859
"dme-miR-280-5p"	7	0.377865743240569	1.25060470700401	0.80961794980897
"dme-miR-9381-5p"	1	0.380123093999399	2.16168067226891	0.810439842976182
"dme-miR-2497-3p"	3	0.382556132872246	1.40478143677487	0.811054646027488
"dme-miR-9381-3p"	1	0.382621916937272	2.14333333333333	0.811269470423119
"dme-miR-1000-5p"	5	0.383997784666538	1.28636596378532	0.811545173030459
"dme-miR-8-3p"	3	0.386453622855488	1.39518633540373	0.811631593467442
"dme-miR-2492-5p"	2	0.390160669855957	1.53635014836795	0.812101592268792
"dme-miR-959-3p"	2	0.390160669855957	1.53635014836795	0.812101592268792
"dme-miR-277-3p"	5	0.393704475895322	1.26941931920182	0.812489490230113
"dme-miR-4939-3p"	1	0.394971442381172	2.056	0.81270571103873
"dme-miR-4958-3p"	1	0.394971442381172	2.056	0.81270571103873
"dme-miR-4986-5p"	2	0.398747940979574	1.50801749271137	0.813080920076042
"dme-miR-964-5p"	3	0.400340788721088	1.36187583064363	0.813332742340653
"dme-miR-988-3p"	1	0.401056786573065	2.01490196078431	0.814381169100091
"dme-miR-92b-5p"	1	0.402266772848564	2.006875	0.814846982668413
"dme-miR-316-5p"	3	0.409197070753192	1.34130996517245	0.815265602949469
"dme-miR-986-3p"	1	0.424814861591096	1.86545454545455	0.815425681187854
"dme-miR-960-5p"	2	0.427703502739227	1.4182714351215	0.815535021701443
"dme-miR-9372-3p"	2	0.429099701594599	1.41415180612711	0.816837378983337
"dme-miR-12-5p"	2	0.429797205907773	1.412100456621	0.817266143477664
"dme-miR-4960-3p"	1	0.430611253689716	1.83142857142857	0.817882711476437
"dme-miR-308-3p"	2	0.44090231190786	1.38002680965147	0.818241073396696
"dme-miR-13a-3p"	2	0.44297278548889	1.3741655540721	0.818319953298161
"dme-miR-13b-3p"	2	0.44297278548889	1.3741655540721	0.818319953298161
"dme-miR-5-3p"	2	0.444351003984417	1.37028406569019	0.818579815725391
"dme-miR-960-3p"	1	0.447665390136198	1.73627118644068	0.818799240354594
"dme-miR-976-3p"	3	0.44972585727504	1.25312444992079	0.818838633471934
"dme-miR-985-3p"	6	0.450396180929475	1.16042363433668	0.81960811210981
"dme-miR-2a-3p"	2	0.45121661114544	1.3511826544021	0.819906673102576
"dme-miR-2b-3p"	2	0.45121661114544	1.3511826544021	0.819906673102576
"dme-miR-2c-3p"	2	0.45121661114544	1.3511826544021	0.819906673102576
"dme-miR-283-3p"	3	0.456756710851173	1.23871237458194	0.820429894146989
"dme-miR-6-3p"	2	0.460077123970916	1.3270887166236	0.820564982493163
"dme-miR-998-5p"	2	0.473561133830318	1.29156171284635	0.82132711038961
"dme-miR-955-5p"	1	0.476068964492364	1.59239875389408	0.821655910262178
"dme-miR-977-5p"	2	0.487520011790713	1.25613496932515	0.822205016504547
"dme-miR-4959-5p"	2	0.49343806263692	1.24150485436893	0.822310971421228
"dme-miR-961-5p"	2	0.496055699408876	1.23510466988728	0.822653338840171
"dme-miR-4940-5p"	1	0.499000874747527	1.48769679300292	0.82306399880447
"dme-miR-4976-3p"	1	0.499000874747527	1.48769679300292	0.82306399880447
"dme-miR-2279-3p"	1	0.504076416328297	1.46574712643678	0.824570043863516
"dme-miR-981-3p"	2	0.51159576556295	1.19796557120501	0.825221967963735
"dme-miR-1000-3p"	2	0.512877778775831	1.19496487119438	0.825546003959857
"dme-miR-4949-3p"	2	0.521161390411934	1.17579777008843	0.826199324322452
"dme-miR-277-5p"	1	0.527758627980888	1.36860215053763	0.826376266055821
"dme-miR-4909-3p"	5	0.530284637965759	1.06313447364762	0.826581220295606
"dme-miR-1008-3p"	1	0.531598419100642	1.3536170212766	0.826707059602356
"dme-miR-989-5p"	1	0.535408180326182	1.33894736842105	0.827831892537115
"dme-miR-4956-5p"	1	0.535408180326182	1.33894736842105	0.827831892537115
"dme-miR-4955-3p"	1	0.538245929875832	1.32814621409922	0.828673848498178
"dme-miR-274-5p"	2	0.544260127209835	1.12426253687316	0.829453027708593
"dme-miR-276a-3p"	1	0.552186495070276	1.27658291457286	0.830133836059597
"dme-miR-276b-3p"	1	0.552186495070276	1.27658291457286	0.830133836059597
"dme-miR-124-5p"	1	0.55583507999827	1.26348258706468	0.830304437138809
"dme-miR-79-5p"	2	0.560659872075184	1.08924095954171	0.830990315824875
"dme-miR-1014-3p"	4	0.568987486732881	1.0199064306027	0.831412241032836
"dme-miR-312-5p"	1	0.571902970605067	1.20761904761905	0.831793238195049
"dme-miR-2499-3p"	1	0.574526024433124	1.1987706855792	0.832500137632127
"dme-miR-4949-5p"	1	0.578863473879352	1.18429906542056	0.833244977678572
"dme-miR-9383-3p"	1	0.579725846853863	1.18144522144522	0.833983222713865
"dme-miR-954-5p"	1	0.585715089717806	1.16183486238532	0.834714959943082
"dme-miR-263b-5p"	2	0.586541554032026	1.03632478632479	0.834858541418051
"dme-miR-31b-5p"	1	0.586563967298439	1.15908466819222	0.835447926152386
"dme-miR-4971-5p"	1	0.589100577112445	1.15090909090909	0.836159252183405
"dme-miR-31b-3p"	1	0.590783329424837	1.14552036199095	0.836871974083919
"dme-miR-4965-5p"	1	0.591622218758341	1.14284424379232	0.837578522021457
"dme-miR-9b-3p"	1	0.59329503944735	1.13752808988764	0.838278975873265
"dme-miR-955-3p"	4	0.593857741151599	0.985167698543495	0.838973414144591
"dme-miR-288-3p"	2	0.594554459735631	1.02047522750253	0.839661913998019
"dme-miR-310-5p"	1	0.594961270363212	1.13225950782998	0.840344551282051
"dme-miR-137-3p"	3	0.595722445208554	0.992229903445124	0.841021400558961
"dme-miR-31a-5p"	1	0.595791922435799	1.12964285714286	0.841692535131945
"dme-miR-7-5p"	1	0.599920673118199	1.11673289183223	0.842358027071588
"dme-miR-31a-3p"	1	0.601560793197929	1.11164835164835	0.843017947241658
"dme-miR-979-3p"	1	0.604821659613013	1.10161220043573	0.843672365324268
"dme-miR-972-3p"	3	0.60595650933664	0.976233385897725	0.844321349844398
"dme-miR-303-5p"	2	0.608594164018971	0.993261012491782	0.844964968193821
"dme-miR-9382-5p"	1	0.612861948275822	1.07727078891258	0.846160644729712
"dme-miR-305-3p"	1	0.612861948275822	1.07727078891258	0.846160644729712
"dme-miR-9b-5p"	2	0.614113151791645	0.982747395833333	0.846864283623286
"dme-miR-4954-3p"	1	0.616033819360264	1.06782241014799	0.848030963397505
"dme-miR-2499-5p"	1	0.616033819360264	1.06782241014799	0.848030963397505
"dme-miR-996-5p"	1	0.619180694546171	1.05853249475891	0.848717625620348
"dme-miR-315-5p"	5	0.619727951169981	0.948756976154236	0.849325477312476
"dme-miR-969-5p"	1	0.621524561230846	1.05166666666667	0.849928463855422
"dme-miR-4979-3p"	2	0.629271066430647	0.954372623574145	0.850526643426295
"dme-miR-959-5p"	1	0.631521998961892	1.02288032454361	0.851120073278316
"dme-miR-281-1-5p"	1	0.633792774253811	1.01645161290323	0.851708809759081
"dme-miR-981-5p"	2	0.634579097189348	0.944601381042059	0.852292908328405
"dme-miR-2495-5p"	1	0.63529914261796	1.01220883534137	0.852872423575729
"dme-miR-2498-3p"	1	0.636050090770471	1.0101002004008	0.853447409237132
"dme-miR-9373-3p"	1	0.636799552006567	1.008	0.854017918211941
"dme-miR-9385-5p"	1	0.637547529177768	1.00590818363273	0.854584002578952
"dme-miR-318-5p"	1	0.642742051373308	0.991496062992126	0.855145713612283
"dme-miR-375-5p"	1	0.647137457593319	0.979455252918288	0.855703101796852
"dme-miR-999-5p"	1	0.651480841637175	0.967692307692308	0.856256216843501
"dme-miR-9c-3p"	2	0.652720324953296	0.911804922515953	0.856805107703782
"dme-miR-4962-5p"	1	0.65291717823231	0.963831417624521	0.85734982258439
"dme-miR-4973-3p"	1	0.655772794880786	0.956197718631179	0.857890408961286
"dme-miR-263a-5p"	1	0.657192118156084	0.952424242424242	0.858426913593482
"dme-miR-124-3p"	1	0.657899667958254	0.95054820415879	0.859424687301251
"dme-miR-2a-2-5p"	1	0.657899667958254	0.95054820415879	0.859424687301251
"dme-miR-2b-1-5p"	2	0.658281797272392	0.901925391095066	0.860012394138856
"dme-bantam-5p"	2	0.669204602901895	0.882743362831858	0.860533025509072
"dme-miR-927-3p"	1	0.681138055244923	0.890728241563055	0.861049798636927
"dme-miR-1003-5p"	1	0.691541182518674	0.865008635578584	0.861562756252563
"dme-miR-4984-5p"	1	0.695989209317426	0.85419795221843	0.862071940457456
"dme-miR-1006-3p"	3	0.697120718850063	0.841519513280902	0.86257739273594
"dme-miR-963-3p"	1	0.697876567959734	0.849643463497453	0.863079153966471
"dme-miR-4918-5p"	1	0.703471287163768	0.836254180602007	0.863577264432648
"dme-miR-10-3p"	3	0.704074194382741	0.831668625146886	0.864071763833992
"dme-miR-4972-3p"	2	0.709815482063896	0.813681183237469	0.8645626912965
"dme-miR-991-5p"	1	0.710174068950933	0.820426929392447	0.865050085382957
"dme-miR-286-5p"	1	0.710776136240698	0.819016393442623	0.86553398410304
"dme-miR-137-5p"	1	0.7155495708927	0.80789644012945	0.866014424923195
"dme-miR-4956-3p"	1	0.716731040305391	0.805161290322581	0.866491444776309
"dme-miR-6-1-5p"	1	0.717907790458351	0.802443729903537	0.866965080071174
"dme-miR-5-5p"	1	0.723145248959417	0.790427892234548	0.867435366701752
"dme-miR-4-3p"	2	0.726284190615708	0.786520584329349	0.867902340056239
"dme-miR-929-5p"	2	0.726707366308526	0.785828025477707	0.868366035025945
"dme-miR-9374-5p"	1	0.72715405611986	0.781316614420063	0.868826486013986
"dme-miR-2500-5p"	1	0.727722166526859	0.780031298904538	0.869283726943788
"dme-miR-9379-5p"	1	0.729419681476903	0.776199376947041	0.869737791267421
"dme-miR-971-5p"	1	0.731667211620407	0.771145510835913	0.87018871197376
"dme-miR-9371-5p"	1	0.738302613399459	0.756352583586626	0.871028118645882
"dme-miR-87-3p"	1	0.738302613399459	0.756352583586626	0.871028118645882
"dme-miR-4963-3p"	2	0.743211445293727	0.759002057613169	0.871522935496399
"dme-miR-1010-5p"	1	0.743711326075464	0.744431137724551	0.871961602634532
"dme-miR-315-3p"	2	0.744015176242714	0.757704160246533	0.872397284425716
"dme-miR-994-5p"	1	0.755234730487406	0.719420289855072	0.872830011241785
"dme-miR-962-5p"	1	0.756766964474393	0.716132756132756	0.873259813043976
"dme-miR-3645-5p"	1	0.758289973344954	0.712873563218391	0.873686719389845
"dme-miR-312-3p"	2	0.758521611488092	0.734394506866417	0.874110759440038
"dme-miR-2490-3p"	1	0.766748662738359	0.69492286115007	0.874531961964939
"dme-miR-3642-5p"	1	0.767724883614882	0.692867132867133	0.874950355351171
"dme-miR-1-3p"	1	0.768697175235807	0.690822873082287	0.875365967607973
"dme-miR-3644-5p"	1	0.769181852349949	0.689805013927577	0.876139970724647
"dme-miR-11-5p"	1	0.769181852349949	0.689805013927577	0.876139970724647
"dme-miR-4914-5p"	1	0.77302426906522	0.681763085399449	0.876596392163887
"dme-miR-iab-4-3p"	1	0.780986238487035	0.665248990578735	0.877001152663934
"dme-miR-iab-4-5p"	1	0.790451292306763	0.64586387434555	0.877403266634523
"dme-miR-4915-5p"	1	0.79308252979022	0.64051948051948	0.877802759947627
"dme-miR-4987-5p"	1	0.795681983020145	0.635257731958763	0.878199658139092
"dme-miR-190-5p"	1	0.796112161047192	0.634388674388674	0.878593986414071
"dme-miR-iab-8-3p"	1	0.805358698539875	0.615819774718398	0.878985769652365
"dme-miR-219-5p"	1	0.812226207255776	0.602156862745098	0.87937503241365
"dme-miR-973-5p"	1	0.818860412239732	0.589051620648259	0.879761798942617
"dme-miR-314-3p"	1	0.823407061076773	0.580118343195266	0.880146093173999
"dme-miR-987-3p"	1	0.83639811629176	0.55477866061294	0.880527938737511
"dme-miR-3641-3p"	1	0.84454287294438	0.539005524861878	0.880907358962693
"dme-miR-2494-5p"	1	0.847170077479675	0.533932092004381	0.881284376883665
"dme-miR-932-5p"	1	0.849112409481382	0.530184983677911	0.881659015243781
"dme-miR-976-5p"	1	0.852296995173778	0.524047362755651	0.882031296500208
"dme-miR-304-3p"	1	0.889446357634391	0.452481203007519	0.882401242828414
"dme-miR-1006-5p"	1	0.89548468258353	0.440733944954128	0.882768876126568
"dme-miR-2b-2-5p"	1	0.898603414179657	0.43463768115942	0.88313421801986
"dme-miR-79-3p"	1	0.899041575656712	0.43377938517179	0.883497289864747
"dme-miR-9a-3p"	1	0.899259973125609	0.433351400180668	0.883858112753111
"dme-miR-9372-5p"	1	0.912901767640391	0.40633730834753	0.88421670751634
"dme-miR-305-5p"	1	0.913091254211046	0.405957446808511	0.884573094729345
"dme-miR-4967-3p"	2	0.926421603308582	0.456561160567095	0.884927294714488
"dme-miR-927-5p"	1	0.928457659425172	0.374556962025316	0.88527932754545
"dme-miR-1011-3p"	1	0.9331684824139	0.364633204633205	0.885629213051018
"dme-miR-310-3p"	1	0.935339409176805	0.36	0.885976970818815
"dme-miR-2489-3p"	2	0.936195303399486	0.437003495392437	0.88632262019895
"dme-miR-92b-3p"	1	0.937442443701222	0.355471698113208	0.886666180307608
"dme-miR-92a-3p"	1	0.937717829011952	0.354875659382065	0.887007670030575
"dme-miR-311-3p"	1	0.937992048476882	0.354281414597442	0.887347108026701
"dme-miR-313-3p"	1	0.938537008793288	0.353098274568642	0.887684512731294
"dme-miR-4966-5p"	1	0.958351188966653	0.307480106100796	0.88801990235946
